{
  "A": {
    "n": 98,
    "w": 29,
    "l": 47,
    "be": 22,
    "wr": 38.15789473684211,
    "net": 11.0,
    "ev": 0.11224489795918367
  },
  "F": {
    "n": 161,
    "w": 33,
    "l": 77,
    "be": 51,
    "wr": 30.0,
    "net": -11.0,
    "ev": -0.06832298136645963
  },
  "G": {
    "n": 176,
    "w": 46,
    "l": 86,
    "be": 44,
    "wr": 34.84848484848485,
    "net": 6.0,
    "ev": 0.03409090909090909
  },
  "H": {
    "n": 98,
    "w": 33,
    "l": 55,
    "be": 10,
    "wr": 37.5,
    "net": 11.0,
    "ev": 0.11224489795918367
  },
  "I": {
    "n": 161,
    "w": 42,
    "l": 98,
    "be": 21,
    "wr": 30.0,
    "net": -14.0,
    "ev": -0.08695652173913043
  },
  "J": {
    "n": 176,
    "w": 52,
    "l": 101,
    "be": 23,
    "wr": 33.98692810457516,
    "net": 3.0,
    "ev": 0.017045454545454544
  }
}