{
  "A": {
    "n": 98,
    "w": 29,
    "l": 47,
    "be": 22,
    "wr": 38.15789473684211,
    "net": 11.0,
    "ev": 0.11224489795918367
  },
  "B": {
    "n": 68,
    "w": 16,
    "l": 37,
    "be": 15,
    "wr": 30.18867924528302,
    "net": -5.0,
    "ev": -0.07352941176470588
  },
  "C": {
    "n": 72,
    "w": 18,
    "l": 33,
    "be": 21,
    "wr": 35.294117647058826,
    "net": 3.0,
    "ev": 0.041666666666666664
  },
  "D": {
    "n": 47,
    "w": 12,
    "l": 25,
    "be": 10,
    "wr": 32.432432432432435,
    "net": -1.0,
    "ev": -0.02127659574468085
  },
  "E": {
    "n": 68,
    "w": 14,
    "l": 37,
    "be": 17,
    "wr": 27.450980392156865,
    "net": 5.0,
    "ev": 0.07352941176470588
  }
}